,Agent_1,Agent_2,Agent_3,Agent_4,ad_number
0,IFEX,,,,25040396
1,,,,,25040397
2,,,,,25040398
3,,,,,25040399
4,"EGT Express Cz, S.R.O",Primum,,,25040400
5,,,,,25040401
6,"EGT Express Cz, S.R.O",Primum,RUTRANSLOGISTIC,Cargo Line,25040402
7,,,,,25040403
8,"Tianjin Well-Carry Logistics Co.,Ltd",Transit Ace,Trans-Bridge Logistics Company Limited,"Tianjin Golden Railway International Logistics Co.,Ltd",25040404
9,"Tianjin Well-Carry Logistics Co.,Ltd",Transit Ace,Trans-Bridge Logistics Company Limited,"Tianjin Golden Railway International Logistics Co.,Ltd",25040404
10,,,,,25040405
11,,,,,25040406
12,"EGT Express Cz, S.R.O",Primum,,,25040407
13,,,,,25040408
14,Transit Ace,"Tianjin Well-Carry Logistics Co.,Ltd","Tianjin Enrui International Logistics CO.,LTD",,25040409
15,"EGT Express Cz, S.R.O",Primum,,,25040410
16,,,,,25040411
17,,,,,25040412
18,,,,,25040414
19,IFEX,,,,25040415
20,"Tianjin Well-Carry Logistics Co.,Ltd",Transit Ace,Jiayou International Logistics (Beijing),"Sino-Worlink International Logistics Co., Ltd",25040416
21,"Tianjin Well-Carry Logistics Co.,Ltd",Transit Ace,Jiayou International Logistics (Beijing),"Sino-Worlink International Logistics Co., Ltd",25040416
22,IFEX,,,,25040417
23,"EGT Express Cz, S.R.O",Primum,,,25040418
24,AJU SHIPPING,,,,25040419
25,AJU SHIPPING,,,,25040419
26,Grupo Caliche,,,,25040420
27,Grupo Caliche,,,,25040420
28,IFEX,,,,25040421
29,Logistar International Transport LTD (Turkey),Azurite Logistics LLP,,,25040422
30,"Tianjin Well-Carry Logistics Co.,Ltd",Transit Ace,Trans-Bridge Logistics Company Limited,"Teda Hailuda International Cargo Agent Co., Ltd",25040423
31,"Tianjin Well-Carry Logistics Co.,Ltd",Transit Ace,Trans-Bridge Logistics Company Limited,"Teda Hailuda International Cargo Agent Co., Ltd",25040423
32,"Tianjin Well-Carry Logistics Co.,Ltd",Transit Ace,"Sino-Worlink International Logistics Co., Ltd",Trans-Bridge Logistics Company Limited,25040424
33,"Tianjin Well-Carry Logistics Co.,Ltd",Transit Ace,"Sino-Worlink International Logistics Co., Ltd",Trans-Bridge Logistics Company Limited,25040424
34,"Tianjin Well-Carry Logistics Co.,Ltd",Transit Ace,"Sino-Worlink International Logistics Co., Ltd",Trans-Bridge Logistics Company Limited,25040424
35,IFEX,,,,25040425
36,,,,,25040426
37,,,,,25040426
38,,,,,25040426
39,,,,,25040426
40,,,,,25040426
41,,,,,25040427
42,,,,,25040428
43,"Tianjin Well-Carry Logistics Co.,Ltd",,,,25040429
44,"Tianjin Well-Carry Logistics Co.,Ltd",,,,25040429
45,,,,,25040430
46,,,,,25040431
47,"Tianjin Well-Carry Logistics Co.,Ltd",,,,25040432
48,"Tianjin Well-Carry Logistics Co.,Ltd",,,,25040432
49,,,,,25040433
50,,,,,25040433
51,,,,,25040434
52,,,,,25040435
53,"Sino-Worlink International Logistics Co., Ltd","All way link (Beijing) logitstics Co., Ltd",,,25040436
54,Transit Ace,"Tianjin Well-Carry Logistics Co.,Ltd","Sino-Worlink International Logistics Co., Ltd",Erlian Wei Er Si Trade Co.Ltd,25040437
55,Transit Ace,"Tianjin Well-Carry Logistics Co.,Ltd","Sino-Worlink International Logistics Co., Ltd",Erlian Wei Er Si Trade Co.Ltd,25040437
56,Transit Ace,"Tianjin Well-Carry Logistics Co.,Ltd","Sino-Worlink International Logistics Co., Ltd",Erlian Wei Er Si Trade Co.Ltd,25040437
57,Transit Ace,"Tianjin Well-Carry Logistics Co.,Ltd","Sino-Worlink International Logistics Co., Ltd",Erlian Wei Er Si Trade Co.Ltd,25040437
58,Transit Ace,"Tianjin Well-Carry Logistics Co.,Ltd","Sino-Worlink International Logistics Co., Ltd",Erlian Wei Er Si Trade Co.Ltd,25040437
59,"Tianjin RT Logistics Co., Ltd",,,,25040438
60,"Tianjin RT Logistics Co., Ltd",,,,25040438
61,"Tianjin RT Logistics Co., Ltd",,,,25040438
62,"Tianjin RT Logistics Co., Ltd",,,,25040438
63,"Tianjin RT Logistics Co., Ltd",,,,25040438
64,,,,,25040439
65,MFH LLC,RUTRANSLOGISTIC,Cargo Line,TELS Cargo,25040440
66,,,,,25040441
67,,,,,25040442
68,"EGT Express Cz, S.R.O",Primum,,,25040443
69,IFEX,,,,25040444
70,,,,,25040445
71,,,,,25040446
72,,,,,25040447
73,,,,,25040448
74,,,,,25040448
75,IFEX,,,,25040449
76,,,,,25040450
77,,,,,25040451
78,,,,,25040452
79,,,,,25040453
80,,,,,25040454
81,,,,,25040455
82,,,,,25040456
83,,,,,25040457
84,,,,,25040458
85,,,,,25040459
86,,,,,25040459
87,,,,,25040459
88,,,,,25040459
89,,,,,25040460
90,,,,,25040461
91,,,,,25040462
92,,,,,25040463
93,,,,,25040463
94,CS4 Logistics,Clasquin Germany,TS Logistics GmbH,Duisport agency GMBH,25040464
95,,,,,25040465
96,,,,,25040466
97,ML Express LLC,,,,25040467
98,Abba Trans LLC,AJU SHIPPING,,,25040468
99,,,,,25040469
