,ad_number,Agent_1,Agent_2,Agent_3,Agent_4,start
1,25040396,IFEX,,,,Shanghai - Ulaanbaatar
2,25040397,,,,,
3,25040398,,,,,
4,25040399,,,,,
5,25040400,"EGT Express Cz, S.R.O",Primum,,,
6,25040401,,,,,
7,25040402,"EGT Express Cz, S.R.O",Primum,RUTRANSLOGISTIC,Cargo Line,
8,25040403,,,,,
9,25040404,"Tianjin Well-Carry Logistics Co.,Ltd",Transit Ace,Trans-Bridge Logistics Company Limited,"Tianjin Golden Railway International Logistics Co.,Ltd",Shanghai - Ulaanbaatar
10,25040404,"Tianjin Well-Carry Logistics Co.,Ltd",Transit Ace,Trans-Bridge Logistics Company Limited,"Tianjin Golden Railway International Logistics Co.,Ltd",Shanghai - Ulaanbaatar
11,25040405,,,,,
12,25040406,,,,,
13,25040407,"EGT Express Cz, S.R.O",Primum,,,
14,25040408,,,,,
15,25040409,Transit Ace,"Tianjin Well-Carry Logistics Co.,Ltd","Tianjin Enrui International Logistics CO.,LTD",,Harbin - Ulaanbaatar
16,25040410,"EGT Express Cz, S.R.O",Primum,,,Tarare - Ulaanbaatar
17,25040411,,,,,
18,25040412,,,,,
19,25040414,,,,,
20,25040415,IFEX,,,,Dusseldorf - Ulaanbaatar
21,25040416,"Tianjin Well-Carry Logistics Co.,Ltd",Transit Ace,Jiayou International Logistics (Beijing),"Sino-Worlink International Logistics Co., Ltd",Colombo - Ulaanbaatar
22,25040416,"Tianjin Well-Carry Logistics Co.,Ltd",Transit Ace,Jiayou International Logistics (Beijing),"Sino-Worlink International Logistics Co., Ltd",Colombo - Ulaanbaatar
23,25040417,IFEX,,,,Incheon - Ulaanbaatar
24,25040418,"EGT Express Cz, S.R.O",Primum,,,Eindhoven - Ulaanbaatar
25,25040419,AJU SHIPPING,,,,
26,25040419,AJU SHIPPING,,,,
27,25040420,Grupo Caliche,,,,Barcelona - Xingang
28,25040420,Grupo Caliche,,,,Barcelona - Xingang
29,25040421,IFEX,,,,Shenzhen - Ulaanbaatar
30,25040422,Logistar International Transport LTD (Turkey),Azurite Logistics LLP,,,Istanbul - Ulaanbaatar
31,25040423,"Tianjin Well-Carry Logistics Co.,Ltd",Transit Ace,Trans-Bridge Logistics Company Limited,"Teda Hailuda International Cargo Agent Co., Ltd",
32,25040423,"Tianjin Well-Carry Logistics Co.,Ltd",Transit Ace,Trans-Bridge Logistics Company Limited,"Teda Hailuda International Cargo Agent Co., Ltd",
33,25040424,"Tianjin Well-Carry Logistics Co.,Ltd",Transit Ace,"Sino-Worlink International Logistics Co., Ltd",Trans-Bridge Logistics Company Limited,Foshan - Ulaanbaatar
34,25040424,"Tianjin Well-Carry Logistics Co.,Ltd",Transit Ace,"Sino-Worlink International Logistics Co., Ltd",Trans-Bridge Logistics Company Limited,Foshan - Ulaanbaatar
35,25040424,"Tianjin Well-Carry Logistics Co.,Ltd",Transit Ace,"Sino-Worlink International Logistics Co., Ltd",Trans-Bridge Logistics Company Limited,Foshan - Ulaanbaatar
36,25040425,IFEX,,,,Incheon - Ulaanbaatar
37,25040426,,,,,
38,25040426,,,,,
39,25040426,,,,,
40,25040426,,,,,
41,25040426,,,,,
42,25040427,,,,,
43,25040428,,,,,
44,25040429,"Tianjin Well-Carry Logistics Co.,Ltd",,,,Xingang - Ulaanbaatar
45,25040429,"Tianjin Well-Carry Logistics Co.,Ltd",,,,Xingang - Ulaanbaatar
46,25040430,,,,,
47,25040431,,,,,
48,25040432,"Tianjin Well-Carry Logistics Co.,Ltd",,,,Yokohama - Ulaanbaatar
49,25040432,"Tianjin Well-Carry Logistics Co.,Ltd",,,,Yokohama - Ulaanbaatar
50,25040433,,,,,
51,25040433,,,,,
52,25040434,,,,,
53,25040435,,,,,
54,25040436,"Sino-Worlink International Logistics Co., Ltd","All way link (Beijing) logitstics Co., Ltd",,,Tianjin - Zamiin-Uud
55,25040437,Transit Ace,"Tianjin Well-Carry Logistics Co.,Ltd","Sino-Worlink International Logistics Co., Ltd",Erlian Wei Er Si Trade Co.Ltd,Nanjing - Ulaanbaatar
56,25040437,Transit Ace,"Tianjin Well-Carry Logistics Co.,Ltd","Sino-Worlink International Logistics Co., Ltd",Erlian Wei Er Si Trade Co.Ltd,Nanjing - Ulaanbaatar
57,25040437,Transit Ace,"Tianjin Well-Carry Logistics Co.,Ltd","Sino-Worlink International Logistics Co., Ltd",Erlian Wei Er Si Trade Co.Ltd,Nanjing - Ulaanbaatar
58,25040437,Transit Ace,"Tianjin Well-Carry Logistics Co.,Ltd","Sino-Worlink International Logistics Co., Ltd",Erlian Wei Er Si Trade Co.Ltd,Nanjing - Ulaanbaatar
59,25040437,Transit Ace,"Tianjin Well-Carry Logistics Co.,Ltd","Sino-Worlink International Logistics Co., Ltd",Erlian Wei Er Si Trade Co.Ltd,Nanjing - Ulaanbaatar
60,25040438,"Tianjin RT Logistics Co., Ltd",,,,Nanning - Ulaanbaatar
61,25040438,"Tianjin RT Logistics Co., Ltd",,,,Nanning - Ulaanbaatar
62,25040438,"Tianjin RT Logistics Co., Ltd",,,,Nanning - Ulaanbaatar
63,25040438,"Tianjin RT Logistics Co., Ltd",,,,Nanning - Ulaanbaatar
64,25040438,"Tianjin RT Logistics Co., Ltd",,,,Nanning - Ulaanbaatar
65,25040439,,,,,
66,25040440,MFH LLC,RUTRANSLOGISTIC,Cargo Line,TELS Cargo,Ulaanbaatar - Minsk
67,25040441,,,,,
68,25040442,,,,,
69,25040443,"EGT Express Cz, S.R.O",Primum,,,Tilburg - Ulaanbaatar
70,25040444,IFEX,,,,Incheon - Ulaanbaatar
71,25040445,,,,,
72,25040446,,,,,
73,25040447,,,,,
74,25040448,,,,,
75,25040448,,,,,
76,25040449,IFEX,,,,
77,25040450,,,,,
78,25040451,,,,,
79,25040452,,,,,
80,25040453,,,,,
81,25040454,,,,,
82,25040455,,,,,
83,25040456,,,,,
84,25040457,,,,,
85,25040458,,,,,
86,25040459,,,,,
87,25040459,,,,,
88,25040459,,,,,
89,25040459,,,,,
90,25040460,,,,,
91,25040461,,,,,
92,25040462,,,,,
93,25040463,,,,,
94,25040463,,,,,
95,25040464,CS4 Logistics,Clasquin Germany,TS Logistics GmbH,Duisport agency GMBH,Duderstadt - Xingang
96,25040465,,,,,
97,25040466,,,,,
98,25040467,ML Express LLC,,,,Mackay - Ulaanbaatar
99,25040468,Abba Trans LLC,AJU SHIPPING,,,
100,25040469,,,,,
101,25040470,,,,,
102,25040471,Tianjin New Huidong Logistics,"Tianjin Well-Carry Logistics Co.,Ltd",Transit Ace,SJL,Busan - Ulaanbaatar
103,25040471,Tianjin New Huidong Logistics,"Tianjin Well-Carry Logistics Co.,Ltd",Transit Ace,SJL,Busan - Ulaanbaatar
104,25040472,,,,,
105,25040473,"Sinotrans North China Co., Ltd Intermodal Transportation Branch",CIMC Wetrans Logistics,,,Xingang - Klang
106,25040474,,,,,
107,25040475,"Tianjin RT Logistics Co., Ltd",,,,Xingang - Ulaanbaatar
108,25040475,"Tianjin RT Logistics Co., Ltd",,,,Xingang - Ulaanbaatar
109,25040476,,,,,
110,25040477,ML Trucking,,,,Erlian - Ulaanbaatar
111,25040477,ML Trucking,,,,Erlian - Ulaanbaatar
112,25040479,,,,,
113,25040481,,,,,
114,25040482,,,,,
115,25040482,,,,,
116,25040482,,,,,
117,25040482,,,,,
118,25040483,,,,,
119,25040484,ML Express LLC,,,,
120,25040485,ML Trucking,,,,Erlian - Ulaanbaatar
121,25040485,ML Trucking,,,,Erlian - Ulaanbaatar
122,25040485,ML Trucking,,,,Erlian - Ulaanbaatar
123,25040486,"EGT Express Cz, S.R.O",Primum,,,Fohren - Ulaanbaatar
124,25040487,IFEX,,,,Busan - Ulaanbaatar
125,25040488,Trans East West Sp. z o.o.,,,,Tarnowo - Xingang
126,25040488,Trans East West Sp. z o.o.,,,,Tarnowo - Xingang
127,25040488,Trans East West Sp. z o.o.,,,,Tarnowo - Xingang
128,25040488,Trans East West Sp. z o.o.,,,,Tarnowo - Xingang
129,25040489,,,,,
130,25040490,,,,,
131,25040491,IFEX,,,,Ningbo - Ulaanbaatar
132,25040492,,,,,
133,25040493,"EGT Express Cz, S.R.O",Primum,,,Svatoborice - Ulaanbaatar
134,25040494,IFEX,,,,
135,25040494,IFEX,,,,
136,25040494,IFEX,,,,
137,25040495,AJU SHIPPING,,,,Incheon - Ulaanbaatar
138,25040496,"Dongyoung Shipping Co.,Ltd",SJL,Transit Ace,"Tianjin Well-Carry Logistics Co.,Ltd",Incheon - Ulaanbaatar
139,25040496,"Dongyoung Shipping Co.,Ltd",SJL,Transit Ace,"Tianjin Well-Carry Logistics Co.,Ltd",Incheon - Ulaanbaatar
140,25040496,"Dongyoung Shipping Co.,Ltd",SJL,Transit Ace,"Tianjin Well-Carry Logistics Co.,Ltd",Incheon - Ulaanbaatar
141,25040496,"Dongyoung Shipping Co.,Ltd",SJL,Transit Ace,"Tianjin Well-Carry Logistics Co.,Ltd",Incheon - Ulaanbaatar
142,25040497,,,,,
143,25040498,"Tianjin Well-Carry Logistics Co.,Ltd",Transit Ace,,,Kayseri - Ulaanbaatar
144,25040498,"Tianjin Well-Carry Logistics Co.,Ltd",Transit Ace,,,Kayseri - Ulaanbaatar
145,25040499,"Tianjin Well-Carry Logistics Co.,Ltd",Transit Ace,Trans-Bridge Logistics Company Limited,"Teda Hailuda International Cargo Agent Co., Ltd",Tianjin - Ulaanbaatar
146,25040499,"Tianjin Well-Carry Logistics Co.,Ltd",Transit Ace,Trans-Bridge Logistics Company Limited,"Teda Hailuda International Cargo Agent Co., Ltd",Tianjin - Ulaanbaatar
147,25040499,"Tianjin Well-Carry Logistics Co.,Ltd",Transit Ace,Trans-Bridge Logistics Company Limited,"Teda Hailuda International Cargo Agent Co., Ltd",Tianjin - Ulaanbaatar
148,25040501,,,,,
149,25040501,,,,,
150,25040502,,,,,
151,25040503,"Tianjin Well-Carry Logistics Co.,Ltd",Transit Ace,Tianjin New Huidong Logistics,"Sino-Worlink International Logistics Co., Ltd",Foshan - Ulaanbaatar
152,25040503,"Tianjin Well-Carry Logistics Co.,Ltd",Transit Ace,Tianjin New Huidong Logistics,"Sino-Worlink International Logistics Co., Ltd",Foshan - Ulaanbaatar
153,25040504,ST lojistik,Azurite Logistics LLP,ML Trucking,Logistar International Transport LTD (Turkey),Istanbul - Ulaanbaatar
154,25040504,ST lojistik,Azurite Logistics LLP,ML Trucking,Logistar International Transport LTD (Turkey),Istanbul - Ulaanbaatar
155,25040505,ML Trucking,,,,Erlian - Tuv
156,25040505,ML Trucking,,,,Erlian - Tuv
157,25040506,"Tianjin Well-Carry Logistics Co.,Ltd",Transit Ace,"Sino-Worlink International Logistics Co., Ltd",,Erlian - Klang
158,25040506,"Tianjin Well-Carry Logistics Co.,Ltd",Transit Ace,"Sino-Worlink International Logistics Co., Ltd",,Erlian - Klang
159,25040507,,,,,
160,25040508,"EGT Express Cz, S.R.O",Primum,,,Deinze - Ulaanbaatar
161,25040509,,,,,
162,25040510,,,,,
163,25040510,,,,,
164,25040511,ML Trucking,,,,Altanbulag - Ulaanbaatar
165,25040512,"Sinotrans Erlian Co., Ltd",,,,Tianjin - Erlian
166,25040512,"Sinotrans Erlian Co., Ltd",,,,Tianjin - Erlian
167,25040513,,,,,
168,25040514,,,,,
169,25040515,ML Trucking,,,,Erlian - Khanbogd
170,25040515,ML Trucking,,,,Erlian - Khanbogd
171,25040516,,,,,
172,25040517,IFEX,,,,
173,25040518,ML Express LLC,,,,Yanzhou - Ulaanbaatar
174,25040518,ML Express LLC,,,,Yanzhou - Ulaanbaatar
175,25040519,ML Express LLC,,,,Canning Vale - Ulaanbaatar
176,25040520,,,,,
177,25040521,,,,,
178,25040522,ML Express LLC,,,,Tucson - Ulaanbaatar
179,25040522,ML Express LLC,,,,Tucson - Ulaanbaatar
180,25040522,ML Express LLC,,,,Tucson - Ulaanbaatar
181,25040523,"Tianjin RT Logistics Co., Ltd",,,,Xingang - Erlian
182,25040523,"Tianjin RT Logistics Co., Ltd",,,,Xingang - Erlian
183,25040524,"Tianjin Well-Carry Logistics Co.,Ltd",Transit Ace,"Sino-Worlink International Logistics Co., Ltd",Trans-Bridge Logistics Company Limited,Shanghai - Ulaanbaatar
184,25040524,"Tianjin Well-Carry Logistics Co.,Ltd",Transit Ace,"Sino-Worlink International Logistics Co., Ltd",Trans-Bridge Logistics Company Limited,Shanghai - Ulaanbaatar
185,25040524,"Tianjin Well-Carry Logistics Co.,Ltd",Transit Ace,"Sino-Worlink International Logistics Co., Ltd",Trans-Bridge Logistics Company Limited,Shanghai - Ulaanbaatar
186,25040525,ML Trucking,,,,Erlian - Ulaanbaatar
187,25040525,ML Trucking,,,,Erlian - Ulaanbaatar
188,25040526,ML Trucking,,,,Erlian - Erdenet
189,25040526,ML Trucking,,,,Erlian - Erdenet
190,25040527,"Sino-Worlink International Logistics Co., Ltd","All way link (Beijing) logitstics Co., Ltd",,,Hulin - Ulaanbaatar
191,25040527,"Sino-Worlink International Logistics Co., Ltd","All way link (Beijing) logitstics Co., Ltd",,,Hulin - Ulaanbaatar
192,25040527,"Sino-Worlink International Logistics Co., Ltd","All way link (Beijing) logitstics Co., Ltd",,,Hulin - Ulaanbaatar
193,25040527,"Sino-Worlink International Logistics Co., Ltd","All way link (Beijing) logitstics Co., Ltd",,,Hulin - Ulaanbaatar
194,25040528,ML Trucking,,,,Erlian - Erdenet
195,25040529,"Tianjin Well-Carry Logistics Co.,Ltd",Transit Ace,"Sino-Worlink International Logistics Co., Ltd",Trans-Bridge Logistics Company Limited,Zhongshan - Ulaanbaatar
196,25040529,"Tianjin Well-Carry Logistics Co.,Ltd",Transit Ace,"Sino-Worlink International Logistics Co., Ltd",Trans-Bridge Logistics Company Limited,Zhongshan - Ulaanbaatar
197,25040529,"Tianjin Well-Carry Logistics Co.,Ltd",Transit Ace,"Sino-Worlink International Logistics Co., Ltd",Trans-Bridge Logistics Company Limited,Zhongshan - Ulaanbaatar
198,25040530,,,,,
199,25040532,MFH LLC,,,,Moscow - Ulaanbaatar
200,25040533,,,,,
201,25040534,,,,,
202,25040535,Transit Ace,"Tianjin Well-Carry Logistics Co.,Ltd",,,laem chabang - Ulaanbaatar
203,25040535,Transit Ace,"Tianjin Well-Carry Logistics Co.,Ltd",,,laem chabang - Ulaanbaatar
204,25040535,Transit Ace,"Tianjin Well-Carry Logistics Co.,Ltd",,,laem chabang - Ulaanbaatar
205,25040535,Transit Ace,"Tianjin Well-Carry Logistics Co.,Ltd",,,laem chabang - Ulaanbaatar
206,25040536,"Tianjin Well-Carry Logistics Co.,Ltd","Sino-Worlink International Logistics Co., Ltd",Jiayou International Logistics (Beijing),,Ulaanbaatar - Long Beach
207,25040536,"Tianjin Well-Carry Logistics Co.,Ltd","Sino-Worlink International Logistics Co., Ltd",Jiayou International Logistics (Beijing),,Ulaanbaatar - Long Beach
208,25040537,"Tianjin Well-Carry Logistics Co.,Ltd",Transit Ace,Tianjin New Huidong Logistics,Trans-Bridge Logistics Company Limited,Zhongshan - Ulaanbaatar
209,25040537,"Tianjin Well-Carry Logistics Co.,Ltd",Transit Ace,Tianjin New Huidong Logistics,Trans-Bridge Logistics Company Limited,Zhongshan - Ulaanbaatar
210,25040538,"Tianjin Well-Carry Logistics Co.,Ltd",Transit Ace,"Sino-Worlink International Logistics Co., Ltd",Jiayou International Logistics (Beijing),Wuhan - Ulaanbaatar
211,25040538,"Tianjin Well-Carry Logistics Co.,Ltd",Transit Ace,"Sino-Worlink International Logistics Co., Ltd",Jiayou International Logistics (Beijing),Wuhan - Ulaanbaatar
212,25040539,,,,,
213,25040540,,,,,
214,25040541,,,,,
215,25040542,ML Trucking,,,,Sainshand - Erlian
216,25040542,ML Trucking,,,,Sainshand - Erlian
217,25040543,"Tianjin Well-Carry Logistics Co.,Ltd",,,,Shanghai - Ulaanbaatar
218,25040544,IFEX,,,,Singapore - Ulaanbaatar
219,25040545,"EGT Express Cz, S.R.O",Primum,,,Harmannsdorf - Ulaanbaatar
220,25040546,,,,,
221,25040547,,,,,
222,25040547,,,,,
223,25040548,Logistar International Transport LTD (Turkey),Azurite Logistics LLP,,,Gaziantep - Ulaanbaatar
224,25040548,Logistar International Transport LTD (Turkey),Azurite Logistics LLP,,,Gaziantep - Ulaanbaatar
225,25040548,Logistar International Transport LTD (Turkey),Azurite Logistics LLP,,,Gaziantep - Ulaanbaatar
226,25040548,Logistar International Transport LTD (Turkey),Azurite Logistics LLP,,,Gaziantep - Ulaanbaatar
227,25040549,ST lojistik,Omega Shipping,,,Bursa - Xingang
228,25040549,ST lojistik,Omega Shipping,,,Bursa - Xingang
229,25040550,,,,,
230,25040551,,,,,
231,25040552,,,,,
232,25040553,,,,,
233,25040554,ML Trucking,,,,Erlian - Ulaanbaatar
234,25040554,ML Trucking,,,,Erlian - Ulaanbaatar
235,25040555,Rohlig France S.A.S,,,,Vecqueville - Xingang
236,25040556,,,,,
237,25040557,,,,,
238,25040558,,,,,
239,25040559,PGL Japan Inc,,,,Tokyo - Tokyo
240,25040560,Leon Vincent Le Havre,,,,
241,25040561,,,,,
242,25040561,,,,,
243,25040561,,,,,
244,25040561,,,,,
245,25040562,,,,,
246,25040563,,,,,
247,25040564,,,,,
248,25040564,,,,,
249,25040565,"Tianjin Well-Carry Logistics Co.,Ltd","Tianjin RT Logistics Co., Ltd",Kito International,,Bangkok - Ulaanbaatar
250,25040565,"Tianjin Well-Carry Logistics Co.,Ltd","Tianjin RT Logistics Co., Ltd",Kito International,,Bangkok - Ulaanbaatar
251,25040565,"Tianjin Well-Carry Logistics Co.,Ltd","Tianjin RT Logistics Co., Ltd",Kito International,,Bangkok - Ulaanbaatar
252,25040565,"Tianjin Well-Carry Logistics Co.,Ltd","Tianjin RT Logistics Co., Ltd",Kito International,,Bangkok - Ulaanbaatar
253,25040566,"Tianjin RT Logistics Co., Ltd",,,,Hangzhou - Ulaanbaatar
254,25040566,"Tianjin RT Logistics Co., Ltd",,,,Hangzhou - Ulaanbaatar
255,25040566,"Tianjin RT Logistics Co., Ltd",,,,Hangzhou - Ulaanbaatar
256,25040566,"Tianjin RT Logistics Co., Ltd",,,,Hangzhou - Ulaanbaatar
257,25040567,,,,,
258,25040568,,,,,
259,25040569,"Tianjin Well-Carry Logistics Co.,Ltd",Transit Ace,"Tianjin Golden Railway International Logistics Co.,Ltd",Trans-Bridge Logistics Company Limited,Xingang - Ulaanbaatar
260,25040569,"Tianjin Well-Carry Logistics Co.,Ltd",Transit Ace,"Tianjin Golden Railway International Logistics Co.,Ltd",Trans-Bridge Logistics Company Limited,Xingang - Ulaanbaatar
261,25040569,"Tianjin Well-Carry Logistics Co.,Ltd",Transit Ace,"Tianjin Golden Railway International Logistics Co.,Ltd",Trans-Bridge Logistics Company Limited,Xingang - Ulaanbaatar
262,25040569,"Tianjin Well-Carry Logistics Co.,Ltd",Transit Ace,"Tianjin Golden Railway International Logistics Co.,Ltd",Trans-Bridge Logistics Company Limited,Xingang - Ulaanbaatar
263,25040570,,,,,
264,25040571,,,,,
265,25040572,,,,,
266,25040572,,,,,
267,25040573,,,,,
268,25040574,,,,,
269,25040575,ML Trucking,,,,Linyi - Ulaanbaatar
270,25040576,"Lopa Co.,ltd",,,,Long Beach - Xingang
271,25040576,"Lopa Co.,ltd",,,,Long Beach - Xingang
272,25040576,"Lopa Co.,ltd",,,,Long Beach - Xingang
273,25040577,,,,,
274,25040578,IFEX,,,,Boyland - Ulaanbaatar
275,25040578,IFEX,,,,Boyland - Ulaanbaatar
276,25040579,,,,,
277,25040580,,,,,
278,25040581,,,,,
279,25040582,,,,,
280,25040582,,,,,
281,25040583,,,,,
282,25040584,"Tianjin Well-Carry Logistics Co.,Ltd",,,,Xingang - Erlian
283,25040585,ML Trucking,,,,Ulaanbaatar - Zamiin-Uud
284,25040587,"Great Share International Logistics Co.,Ltd",,,,Hong Kong - Incheon
285,25040587,"Great Share International Logistics Co.,Ltd",,,,Hong Kong - Incheon
286,25040588,,,,,
287,25040589,,,,,
288,25040590,ML Trucking,,,,Erlian - Novosibirsk
289,25040591,,,,,
290,25040592,,,,,
291,25040593,"Tianjin Well-Carry Logistics Co.,Ltd",Transit Ace,Trans-Bridge Logistics Company Limited,"Tianjin Golden Railway International Logistics Co.,Ltd",Ningbo - Ulaanbaatar
292,25040593,"Tianjin Well-Carry Logistics Co.,Ltd",Transit Ace,Trans-Bridge Logistics Company Limited,"Tianjin Golden Railway International Logistics Co.,Ltd",Ningbo - Ulaanbaatar
293,25040594,,,,,
294,25040595,,,,,
295,25040596,,,,,
296,25040596,,,,,
297,25040596,,,,,
298,25040596,,,,,
299,25040597,,,,,
300,25040598,ML Trucking,,,,Shijiazhuang - Ulaanbaatar
301,25040598,ML Trucking,,,,Shijiazhuang - Ulaanbaatar
302,25040599,,,,,
303,25040599,,,,,
304,25040599,,,,,
305,25040599,,,,,
306,25040600,,,,,
307,25040600,,,,,
308,25040601,,,,,
309,25040601,,,,,
310,25040602,"Tianjin Well-Carry Logistics Co.,Ltd","All way link (Beijing) logitstics Co., Ltd",,,Evian Cedex - Ulaanbaatar
311,25040603,,,,,
312,25040604,IFEX,,,,Clydebank - Ulaanbaatar
313,25040605,IFEX,,,,Incheon - Ulaanbaatar
314,25040606,,,,,
315,25040607,,,,,
316,25040608,,,,,
317,25040610,,,,,
318,25040611,CJ Logix Inc,,,,Incheon - Ulaanbaatar
319,25040612,"Tianjin Well-Carry Logistics Co.,Ltd",Transit Ace,"Sino-Worlink International Logistics Co., Ltd",Trans-Bridge Logistics Company Limited,Hong Kong - Ulaanbaatar
320,25040612,"Tianjin Well-Carry Logistics Co.,Ltd",Transit Ace,"Sino-Worlink International Logistics Co., Ltd",Trans-Bridge Logistics Company Limited,Hong Kong - Ulaanbaatar
321,25040612,"Tianjin Well-Carry Logistics Co.,Ltd",Transit Ace,"Sino-Worlink International Logistics Co., Ltd",Trans-Bridge Logistics Company Limited,Hong Kong - Ulaanbaatar
322,25040613,,,,,
323,25040614,Tianjin New Huidong Logistics,,,,Osaka - Ulaanbaatar
324,25040614,Tianjin New Huidong Logistics,,,,Osaka - Ulaanbaatar
325,25040614,Tianjin New Huidong Logistics,,,,Osaka - Ulaanbaatar
326,25040614,Tianjin New Huidong Logistics,,,,Osaka - Ulaanbaatar
327,25040615,,,,,
328,25040615,,,,,
329,25040615,,,,,
330,25040615,,,,,
331,25040615,,,,,
332,25040615,,,,,
333,25040615,,,,,
334,25040615,,,,,
335,25040615,,,,,
336,25040615,,,,,
337,25040616,,,,,
338,25040617,Transit Ace,"Tianjin Well-Carry Logistics Co.,Ltd","Sino-Worlink International Logistics Co., Ltd",,New York - Tokyo
339,25040618,ML Trucking,,,,Ulaanbaatar - Erlian
340,25040618,ML Trucking,,,,Ulaanbaatar - Erlian
341,25040618,ML Trucking,,,,Ulaanbaatar - Erlian
342,25040618,ML Trucking,,,,Ulaanbaatar - Erlian
343,25040619,ML Trucking,MFH LLC,Primum,"EGT Express Cz, S.R.O",Erdenet - Bremen
344,25040619,ML Trucking,MFH LLC,Primum,"EGT Express Cz, S.R.O",Erdenet - Bremen
345,25040619,ML Trucking,MFH LLC,Primum,"EGT Express Cz, S.R.O",Erdenet - Bremen
346,25040620,Tianjin New Huidong Logistics,"Tianjin Well-Carry Logistics Co.,Ltd","Tianjin RT Logistics Co., Ltd",,Kyunggi-Do - Ulaanbaatar
347,25040620,Tianjin New Huidong Logistics,"Tianjin Well-Carry Logistics Co.,Ltd","Tianjin RT Logistics Co., Ltd",,Kyunggi-Do - Ulaanbaatar
348,25040620,Tianjin New Huidong Logistics,"Tianjin Well-Carry Logistics Co.,Ltd","Tianjin RT Logistics Co., Ltd",,Kyunggi-Do - Ulaanbaatar
349,25040621,Tianjin New Huidong Logistics,,,,Kwangyang - Ulaanbaatar
350,25040621,Tianjin New Huidong Logistics,,,,Kwangyang - Ulaanbaatar
351,25040622,"EGT Express Cz, S.R.O",Primum,,,Niedereschach - Ulaanbaatar
352,25040624,"Tianjin Well-Carry Logistics Co.,Ltd",Transit Ace,Trans-Bridge Logistics Company Limited,"Teda Hailuda International Cargo Agent Co., Ltd",Lianyungang - Ulaanbaatar
353,25040624,"Tianjin Well-Carry Logistics Co.,Ltd",Transit Ace,Trans-Bridge Logistics Company Limited,"Teda Hailuda International Cargo Agent Co., Ltd",Lianyungang - Ulaanbaatar
354,25040624,"Tianjin Well-Carry Logistics Co.,Ltd",Transit Ace,Trans-Bridge Logistics Company Limited,"Teda Hailuda International Cargo Agent Co., Ltd",Lianyungang - Ulaanbaatar
355,25040625,MFH LLC,RUTRANSLOGISTIC,Cargo Line,TELS Cargo,Moscow - Altanbulag
356,25040626,,,,,
357,25040627,MFH LLC,ML Trucking,,,Moscow - Zamiin-Uud
358,25040627,MFH LLC,ML Trucking,,,Moscow - Zamiin-Uud
359,25040628,Transit Ace,,,,Dubai - Ulaanbaatar
360,25040628,Transit Ace,,,,Dubai - Ulaanbaatar
361,25040629,"Tianjin Well-Carry Logistics Co.,Ltd",,,,Yokohama - Ulaanbaatar
362,25040629,"Tianjin Well-Carry Logistics Co.,Ltd",,,,Yokohama - Ulaanbaatar
363,25040629,"Tianjin Well-Carry Logistics Co.,Ltd",,,,Yokohama - Ulaanbaatar
364,25040629,"Tianjin Well-Carry Logistics Co.,Ltd",,,,Yokohama - Ulaanbaatar
365,25040630,,,,,
366,25040631,ML Trucking,,,,Ulaanbaatar - Erdenet
367,25040632,,,,,
368,25040633,,,,,
369,25040634,"EGT Express Cz, S.R.O",Primum,,,Sint-Truiden - Ulaanbaatar
370,25040635,,,,,
